,Top Priority,,High Priority,,Medium Priority,,Medium Priority,,Low Priority,,Notes,Top 5 (15pts),Exercise (5pts),Reading (5pts),Daily Points,Total Points
ACES,,,,,,,,,,,,,,,,
Mack,TRUE,Goals,TRUE,Meeting updates,TRUE,TAB newsletter,TRUE,Recruiting check-in,TRUE,Startup,,TRUE,TRUE,FALSE,,
Mack,TRUE,Bayro Resources,TRUE,Strategy,TRUE,Inbox,TRUE,Recruiting check-in,FALSE,AA onboarding,,TRUE,TRUE,TRUE,,
Mack,TRUE,TAB,TRUE,Brainstorming,FALSE,Goal setting check-in,TRUE,Trello,FALSE,Bonus,,TRUE,FALSE,FALSE,,
Mack,TRUE,Meeting updates,TRUE,UAG,TRUE,Inbox,FALSE,Recruiting check-in,TRUE,Startup,,TRUE,FALSE,TRUE,,
Mack,FALSE,Goals,TRUE,Meeting updates,TRUE,TAB newsletter,TRUE,Recruiting check-in,FALSE,A line U,,TRUE,TRUE,FALSE,,
ALPHIAS,,,,,,,,,,,,,,,,
Logan,FALSE,Invites,TRUE,Culture scoring,FALSE,Test vent,TRUE,360 TV,FALSE,Follow up with entrepreneurs,,FALSE,TRUE,TRUE,,
Logan,TRUE,Meet pinnings,TRUE,Pre meetings,FALSE,Payments,TRUE,Finish Bookei,FALSE,Invite comment follow-up,,TRUE,TRUE,FALSE,,
Logan,TRUE,Install vent piping,TRUE,Meetings,TRUE,Freelo updates,TRUE,Install garage lights,FALSE,Put away packages,,TRUE,FALSE,TRUE,,
Logan,FALSE,Invites,TRUE,Air fryer cleanup,TRUE,Vent hole patch,FALSE,Light fix,TRUE,Laundry,,FALSE,FALSE,TRUE,,
Logan,TRUE,RE infratec,FALSE,,TRUE,Vent hole patch,FALSE,Eco Bee,TRUE,Laundry look,,TRUE,FALSE,FALSE,,
AWESOMES,,,,,,,,,,,,,,,,
Maison,TRUE,Webinar robotics,TRUE,Era san lease signed,TRUE,Imbersyns new employees,TRUE,Bookkeeping,TRUE,Logan Maison sync,,TRUE,TRUE,FALSE,,
Maison,TRUE,Family lunch,TRUE,Clean quote,TRUE,Base load,TRUE,Ruby meetup,TRUE,Ainc strategy meeting,,TRUE,FALSE,FALSE,,
Maison,TRUE,Workspace webpage,TRUE,Kyle offboarding,TRUE,Ex eagles new hires,TRUE,William reserve,FALSE,William towns,,TRUE,TRUE,FALSE,,
Maison,TRUE,Webinar robotics,TRUE,Golf sim quotes,TRUE,Design quote and proposal,TRUE,2d meeting prep,FALSE,Adam follow-up,,TRUE,FALSE,FALSE,,
Maison,TRUE,Scorecard updates,TRUE,Lead followups,TRUE,Order desks,TRUE,Rent audit,TRUE,Weldon robotics,,TRUE,FALSE,FALSE,,
